{
	"name": "fullscreener",
	"title": "jQuery Fullscreen",
	"description": "jQuery plugin which allows you to open any element on the page in fullscreen mode without using Flash in all modern browsers (Firefox, Chrome, Safari, Opera). jQuery Fullscreen unifies Fullscreen API implementations in different browsers and provides fallback for old ones.",
	"keywords": [
		"fullscreen",
		"ui",
		"firefox",
		"webkit",
		"chrome",
		"safari",
		"opera"
	],
	"version": "0.3.5",
	"author": {
		"name": "Vladimir Zhuravlev",
		"url": "https://github.com/private-face/"
	},
	"licenses": [
		{
			"type": "MIT",
			"url": "https://github.com/private-face/jquery.fullscreen/blob/master/LICENSE"
		}
	],
	"homepage": "https://github.com/private-face/jquery.fullscreen",
	"dependencies": {
		"jquery": ">=1.6"
	}
}
